{"noiseKey":{"private":{"type":"Buffer","data":"yOXQFOmQkLVw0MhhIcPET/NgH/ONhtBw20bVLqlmJEg="},"public":{"type":"Buffer","data":"eE4bUsHh4fKAympXemV8oWUPM3DGI91U2xz1UraUTVo="}},"pairingEphemeralKeyPair":{"private":{"type":"Buffer","data":"2DlZZrzb4GiITVxSsAjJGEcuB4bZHUkNpoAKrvNHwVQ="},"public":{"type":"Buffer","data":"uK8cmPw5INZSCnaaQjPIu0g0QnGuELFj2t3DVKhqcX0="}},"signedIdentityKey":{"private":{"type":"Buffer","data":"wO4lALyR56bBqj6gvrV/JlSydCOA5w+ueC9MUnWb5VA="},"public":{"type":"Buffer","data":"x0CgcSZmRoAAS+rgkkT/8qU9RlWWziTOKsR7OVzmRww="}},"signedPreKey":{"keyPair":{"private":{"type":"Buffer","data":"cJ0FUbtWcXVyPRRKP1o1hklZ2LwM3LFQ0TFPO2P17k0="},"public":{"type":"Buffer","data":"cG+kByCVefMcc4EgiGDVvNTYaUrsVy2rS1ZsokR4DHA="}},"signature":{"type":"Buffer","data":"C6HbD0hPny+g6kPnKVvgLaztEk2KtHaG0ZbnbmrXioAQjzuwPI7C93x0JPtomzK2lpbJdy5qCw99uY8yCVeHiQ=="},"keyId":1},"registrationId":170,"advSecretKey":"GLYLCyn4C3fj0M1Wm8kVFZNB9+MHiF0JAJGzDuAKH5Y=","processedHistoryMessages":[{"key":{"remoteJid":"573249064361@s.whatsapp.net","fromMe":true,"id":"60F53181D591FBE9ED1A0311FD449D4E"},"messageTimestamp":1705518590},{"key":{"remoteJid":"573249064361@s.whatsapp.net","fromMe":true,"id":"AE46F72B98288FAEC104026B74F4BA2B"},"messageTimestamp":1705518590},{"key":{"remoteJid":"573249064361@s.whatsapp.net","fromMe":true,"id":"6D9874FA60DD2F084F0B73D6AD21F2E9"},"messageTimestamp":1705518603},{"key":{"remoteJid":"573249064361@s.whatsapp.net","fromMe":true,"id":"3E934868964D6520CB657033703CE9F5"},"messageTimestamp":1705518603},{"key":{"remoteJid":"573249064361@s.whatsapp.net","fromMe":true,"id":"CD52D61878E8495DA6C89CBEC5E5B8D1"},"messageTimestamp":1705518613}],"nextPreKeyId":31,"firstUnuploadedPreKeyId":31,"accountSyncCounter":1,"accountSettings":{"unarchiveChats":false},"deviceId":"eGmqFMMmQoi6h6ff8wTadg","phoneId":"ba5cca95-64a1-4cdc-ba0b-52d828b4948a","identityId":{"type":"Buffer","data":"XxJ1L5BxHCon0NrM/tinzAs900o="},"registered":true,"backupToken":{"type":"Buffer","data":"7U5vQegzVyRBC9pt04vRwmk/k6w="},"registration":{},"pairingCode":"1KFAP8W4","me":{"id":"573249064361:13@s.whatsapp.net","name":"Helicóptero Apache"},"account":{"details":"COLG3doHEPnLoK0GGAIgACgA","accountSignatureKey":"mLAr3N1/oyeXUex4+c2/FSiRKJ7wIdOhph25Ees7exs=","accountSignature":"k8GaAuoH/i4HMSq9TOzhzARMdRqgOe+bWwhJjkRJPK/pQVvTf/efYzJY9uSbdji84F5TCoSg2TpodtQe+GJVDw==","deviceSignature":"XKlKk9O6d92zc/lIE5We0vqegkQVdKeOc6OqyDZAB/FjHc973ih03T1djGfzw4CMPygdjyNnygeXDzErDIPzjQ=="},"signalIdentities":[{"identifier":{"name":"573249064361:13@s.whatsapp.net","deviceId":0},"identifierKey":{"type":"Buffer","data":"BZiwK9zdf6Mnl1HsePnNvxUokSie8CHToaYduRHrO3sb"}}],"platform":"android","lastAccountSyncTimestamp":1705518837,"myAppStateKeyId":"AAAAADN7"}